TransactionID,Date,Amount,Status,AccountID
TRX-1001,2026-06-05,4600.17,Failed,ACC958
TRX-1002,2026-06-27,813.72,Completed,ACC671
TRX-1003,2026-07-02,3257.01,Pending,ACC563
TRX-1004,2026-06-13,4898.05,Completed,ACC841
TRX-1005,2026-06-11,609.65,Pending,ACC666
TRX-1006,2026-06-14,223.77,Pending,ACC286
TRX-1007,2026-06-06,2812.64,Failed,ACC660
TRX-1008,2026-06-06,2489.47,Pending,ACC599
TRX-1009,2026-06-13,4581.64,Pending,ACC750
TRX-1010,2026-06-22,1067.96,Completed,ACC915
TRX-1011,2026-06-11,1797.98,Completed,ACC572
TRX-1012,2026-06-28,4904.32,Pending,ACC991
TRX-1013,2026-06-10,846.31,Completed,ACC943
TRX-1014,2026-06-30,741.84,Completed,ACC716
TRX-1015,2026-06-12,497.98,Pending,ACC985
TRX-1016,2026-06-09,4212.96,Completed,ACC815
TRX-1017,2026-07-05,2299.52,Completed,ACC436
TRX-1018,2026-07-04,850.45,Pending,ACC351
TRX-1019,2026-06-20,2551.08,Completed,ACC716
TRX-1020,2026-07-01,3480.5,Completed,ACC290
TRX-1021,2026-06-16,4680.38,Failed,ACC991
TRX-1022,2026-07-05,1779.68,Completed,ACC643
TRX-1023,2026-06-24,150.61,Pending,ACC544
TRX-1024,2026-06-22,933.89,Completed,ACC418
TRX-1025,2026-07-01,269.52,Pending,ACC333
TRX-1026,2026-06-23,2011.62,Pending,ACC792
TRX-1027,2026-06-19,2871.74,Pending,ACC797
TRX-1028,2026-06-21,3395.66,Pending,ACC358
TRX-1029,2026-06-12,1900.08,Failed,ACC207
TRX-1030,2026-06-11,342.18,Completed,ACC297
TRX-1031,2026-06-27,1751.0,Completed,ACC297
TRX-1032,2026-06-12,2100.08,Pending,ACC390
TRX-1033,2026-06-08,944.32,Pending,ACC555
TRX-1034,2026-06-27,2501.07,Pending,ACC537
TRX-1035,2026-06-10,3055.89,Pending,ACC408
TRX-1036,2026-06-26,2571.87,Completed,ACC233
TRX-1037,2026-06-17,4196.21,Pending,ACC721
TRX-1038,2026-06-07,3844.08,Failed,ACC744
TRX-1039,2026-07-02,778.93,Completed,ACC447
TRX-1040,2026-07-01,4394.15,Failed,ACC270
TRX-1041,2026-06-26,2738.17,Pending,ACC211
TRX-1042,2026-06-23,3494.61,Failed,ACC388
TRX-1043,2026-06-18,2509.74,Pending,ACC688
TRX-1044,2026-06-15,896.32,Completed,ACC905
TRX-1045,2026-06-17,2102.5,Completed,ACC191
TRX-1046,2026-06-26,3545.46,Pending,ACC328
TRX-1047,2026-06-22,3595.47,Pending,ACC268
TRX-1048,2026-06-19,4471.38,Pending,ACC443
TRX-1049,2026-07-01,2173.34,Completed,ACC484
TRX-1050,2026-06-27,726.97,Failed,ACC374
TRX-1051,2026-06-15,669.23,Failed,ACC250
TRX-1052,2026-07-05,1596.6,Failed,ACC278
TRX-1053,2026-07-02,526.98,Failed,ACC451
TRX-1054,2026-06-20,3278.43,Pending,ACC907
TRX-1055,2026-06-20,2024.99,Completed,ACC564
TRX-1056,2026-07-03,3937.41,Failed,ACC852
TRX-1057,2026-06-19,3195.33,Failed,ACC756
TRX-1058,2026-07-02,4366.29,Failed,ACC306
TRX-1059,2026-06-25,2530.63,Pending,ACC617
TRX-1060,2026-06-22,2594.56,Failed,ACC538
TRX-1061,2026-06-07,1322.98,Completed,ACC777
TRX-1062,2026-07-01,1452.35,Completed,ACC231
TRX-1063,2026-06-09,3869.77,Failed,ACC922
TRX-1064,2026-06-28,4742.16,Completed,ACC459
TRX-1065,2026-06-06,4233.96,Failed,ACC580
TRX-1066,2026-06-06,831.7,Completed,ACC833
TRX-1067,2026-06-12,1261.19,Pending,ACC239
TRX-1068,2026-06-17,3178.9,Completed,ACC841
TRX-1069,2026-06-06,1689.61,Failed,ACC907
TRX-1070,2026-06-21,2918.77,Completed,ACC785
TRX-1071,2026-06-23,2258.62,Failed,ACC609
TRX-1072,2026-06-21,2585.31,Pending,ACC390
TRX-1073,2026-06-29,1404.88,Pending,ACC840
TRX-1074,2026-06-08,2983.43,Failed,ACC139
TRX-1075,2026-06-15,2217.3,Pending,ACC258
TRX-1076,2026-06-14,2823.64,Completed,ACC143
TRX-1077,2026-06-30,2641.53,Completed,ACC898
TRX-1078,2026-07-01,959.0,Failed,ACC960
TRX-1079,2026-06-30,2492.69,Failed,ACC415
TRX-1080,2026-06-15,421.45,Failed,ACC279
TRX-1081,2026-06-09,557.28,Failed,ACC176
TRX-1082,2026-06-25,2533.76,Failed,ACC296
TRX-1083,2026-06-08,4102.29,Failed,ACC662
TRX-1084,2026-06-11,543.53,Failed,ACC822
TRX-1085,2026-06-16,3533.08,Completed,ACC397
TRX-1086,2026-06-08,3746.99,Completed,ACC505
TRX-1087,2026-06-07,1826.04,Failed,ACC535
TRX-1088,2026-06-12,2908.41,Pending,ACC472
TRX-1089,2026-06-27,1125.58,Failed,ACC973
TRX-1090,2026-06-10,1151.76,Completed,ACC789
TRX-1091,2026-06-13,1154.22,Failed,ACC370
TRX-1092,2026-06-07,3323.36,Completed,ACC804
TRX-1093,2026-07-04,687.26,Completed,ACC546
TRX-1094,2026-06-14,720.54,Failed,ACC538
TRX-1095,2026-06-12,1766.85,Pending,ACC860
TRX-1096,2026-06-07,3819.11,Pending,ACC799
TRX-1097,2026-06-12,1685.95,Failed,ACC847
TRX-1098,2026-06-24,651.87,Completed,ACC789
TRX-1099,2026-06-21,4186.85,Failed,ACC604
TRX-1100,2026-06-10,1430.38,Failed,ACC911
